id,age,menopause,tumor-size,inv-nodes,node-caps,deg-malig,breast,breast-quad,irradiat,Class
0,40-49,premeno,15-19,0-2,yes,3,right,left_up,no,recurrence-events
1,50-59,ge40,15-19,0-2,no,1,right,central,no,no-recurrence-events
2,50-59,ge40,35-39,0-2,no,2,left,left_low,no,recurrence-events
3,40-49,premeno,35-39,0-2,yes,3,right,left_low,yes,no-recurrence-events
4,40-49,premeno,30-34,3-5,yes,2,left,right_up,no,recurrence-events
5,50-59,premeno,25-29,3-5,no,2,right,left_up,yes,no-recurrence-events
6,50-59,ge40,40-44,0-2,no,3,left,left_up,no,no-recurrence-events
7,40-49,premeno,10-14,0-2,no,2,left,left_up,no,no-recurrence-events
8,40-49,premeno,0-4,0-2,no,2,right,right_low,no,no-recurrence-events
9,40-49,ge40,40-44,15-17,yes,2,right,left_up,yes,no-recurrence-events
10,50-59,premeno,25-29,0-2,no,2,left,left_low,no,no-recurrence-events
11,60-69,ge40,15-19,0-2,no,2,right,left_up,no,no-recurrence-events
12,50-59,ge40,30-34,0-2,no,1,right,central,no,no-recurrence-events
13,50-59,ge40,25-29,0-2,no,2,right,left_up,no,no-recurrence-events
14,40-49,premeno,25-29,0-2,no,2,left,left_low,yes,recurrence-events
15,30-39,premeno,20-24,0-2,no,3,left,central,no,no-recurrence-events
16,50-59,premeno,10-14,3-5,no,1,right,left_up,no,no-recurrence-events
17,60-69,ge40,15-19,0-2,no,2,right,left_up,no,no-recurrence-events
18,50-59,premeno,40-44,0-2,no,2,left,left_up,no,no-recurrence-events
19,50-59,ge40,20-24,0-2,no,3,left,left_up,no,no-recurrence-events
20,50-59,lt40,20-24,0-2,,1,left,left_low,no,recurrence-events
21,60-69,ge40,40-44,3-5,no,2,right,left_up,yes,no-recurrence-events
22,50-59,ge40,15-19,0-2,no,2,right,left_low,no,no-recurrence-events
23,40-49,premeno,10-14,0-2,no,1,right,left_up,no,no-recurrence-events
24,30-39,premeno,15-19,6-8,yes,3,left,left_low,yes,recurrence-events
25,50-59,ge40,20-24,3-5,yes,2,right,left_up,no,no-recurrence-events
26,50-59,ge40,10-14,0-2,no,2,right,left_low,no,no-recurrence-events
27,40-49,premeno,10-14,0-2,no,1,right,left_up,no,no-recurrence-events
28,60-69,ge40,30-34,3-5,yes,3,left,left_low,no,no-recurrence-events
29,40-49,premeno,15-19,15-17,yes,3,left,left_low,no,recurrence-events
30,60-69,ge40,30-34,0-2,no,3,right,central,no,recurrence-events
31,60-69,ge40,25-29,3-5,,1,right,left_low,yes,no-recurrence-events
32,50-59,ge40,25-29,0-2,no,3,left,right_up,no,no-recurrence-events
33,50-59,ge40,20-24,0-2,no,3,right,left_up,no,no-recurrence-events
34,40-49,premeno,30-34,0-2,no,1,left,left_low,yes,recurrence-events
35,30-39,premeno,15-19,0-2,no,1,left,left_low,no,no-recurrence-events
36,40-49,premeno,10-14,0-2,no,2,right,left_up,no,no-recurrence-events
37,60-69,ge40,45-49,6-8,yes,3,left,central,no,no-recurrence-events
38,40-49,ge40,20-24,0-2,no,3,left,left_low,no,no-recurrence-events
39,40-49,premeno,10-14,0-2,no,1,right,right_low,no,no-recurrence-events
40,30-39,premeno,35-39,0-2,no,3,left,left_low,no,recurrence-events
41,40-49,premeno,35-39,9-11,yes,2,right,right_up,yes,no-recurrence-events
42,60-69,ge40,25-29,0-2,no,2,right,left_low,no,no-recurrence-events
43,50-59,ge40,20-24,3-5,yes,3,right,right_up,no,recurrence-events
44,30-39,premeno,15-19,0-2,no,1,left,left_low,no,no-recurrence-events
45,50-59,premeno,30-34,0-2,no,3,left,right_up,no,recurrence-events
46,60-69,ge40,10-14,0-2,no,2,right,left_up,yes,no-recurrence-events
47,40-49,premeno,35-39,0-2,yes,3,right,left_up,yes,no-recurrence-events
48,50-59,premeno,50-54,0-2,yes,2,right,left_up,yes,no-recurrence-events
49,50-59,ge40,40-44,0-2,no,3,right,left_up,no,no-recurrence-events
50,70-79,ge40,15-19,9-11,,1,left,left_low,yes,recurrence-events
51,50-59,lt40,30-34,0-2,no,3,right,left_up,no,no-recurrence-events
52,40-49,premeno,0-4,0-2,no,3,left,central,no,no-recurrence-events
53,70-79,ge40,40-44,0-2,no,1,right,right_up,no,no-recurrence-events
54,40-49,premeno,25-29,0-2,,2,left,right_low,yes,no-recurrence-events
55,50-59,ge40,25-29,15-17,yes,3,right,left_up,no,no-recurrence-events
56,50-59,premeno,20-24,0-2,no,1,left,left_low,no,no-recurrence-events
57,50-59,ge40,35-39,15-17,no,3,left,left_low,no,no-recurrence-events
58,50-59,ge40,50-54,0-2,no,1,right,right_up,no,no-recurrence-events
59,30-39,premeno,0-4,0-2,no,2,right,central,no,recurrence-events
60,50-59,ge40,40-44,6-8,yes,3,left,left_low,yes,recurrence-events
61,40-49,premeno,30-34,0-2,no,2,right,right_up,yes,no-recurrence-events
62,40-49,ge40,20-24,0-2,no,3,left,left_up,no,no-recurrence-events
63,40-49,premeno,30-34,15-17,yes,3,left,left_low,no,recurrence-events
64,40-49,ge40,20-24,0-2,no,2,right,left_up,no,recurrence-events
65,50-59,ge40,15-19,0-2,no,1,right,central,no,no-recurrence-events
66,30-39,premeno,25-29,0-2,no,2,right,left_low,no,no-recurrence-events
67,60-69,ge40,15-19,0-2,no,2,left,left_low,no,no-recurrence-events
68,50-59,premeno,50-54,9-11,yes,2,right,left_up,no,recurrence-events
69,30-39,premeno,10-14,0-2,no,1,right,left_low,no,no-recurrence-events
70,50-59,premeno,25-29,3-5,yes,3,left,left_low,yes,recurrence-events
71,60-69,ge40,25-29,3-5,,1,right,left_up,yes,no-recurrence-events
72,60-69,ge40,10-14,0-2,no,1,right,left_low,no,no-recurrence-events
73,50-59,ge40,30-34,6-8,yes,3,left,right_low,no,recurrence-events
74,30-39,premeno,25-29,6-8,yes,3,left,right_low,yes,recurrence-events
75,50-59,ge40,10-14,0-2,no,1,left,left_low,no,no-recurrence-events
76,50-59,premeno,15-19,0-2,no,1,left,left_low,no,no-recurrence-events
77,40-49,premeno,25-29,0-2,no,2,right,central,no,no-recurrence-events
78,40-49,premeno,25-29,0-2,no,3,left,right_up,no,recurrence-events
79,60-69,ge40,30-34,6-8,yes,2,right,right_up,no,no-recurrence-events
80,50-59,lt40,15-19,0-2,no,2,left,left_low,no,no-recurrence-events
81,40-49,premeno,25-29,0-2,no,2,right,left_low,no,no-recurrence-events
82,40-49,premeno,30-34,0-2,no,1,right,left_up,no,no-recurrence-events
83,60-69,ge40,15-19,0-2,no,2,left,left_up,yes,no-recurrence-events
84,30-39,premeno,0-4,0-2,no,2,right,central,no,no-recurrence-events
85,50-59,ge40,35-39,0-2,no,3,left,left_up,no,no-recurrence-events
86,40-49,premeno,40-44,0-2,no,1,right,left_up,no,no-recurrence-events
87,30-39,premeno,25-29,6-8,yes,2,right,left_up,yes,no-recurrence-events
88,50-59,ge40,20-24,0-2,no,1,right,left_low,no,no-recurrence-events
89,50-59,ge40,30-34,0-2,no,1,left,left_up,no,no-recurrence-events
90,60-69,ge40,20-24,0-2,no,1,right,left_up,no,recurrence-events
91,30-39,premeno,30-34,3-5,no,3,right,left_up,yes,recurrence-events
92,50-59,lt40,20-24,0-2,,1,left,left_up,no,recurrence-events
93,50-59,premeno,10-14,0-2,no,2,right,left_up,no,no-recurrence-events
94,50-59,ge40,20-24,0-2,no,2,right,left_up,no,no-recurrence-events
95,40-49,premeno,45-49,0-2,no,2,left,left_low,yes,no-recurrence-events
96,30-39,premeno,40-44,0-2,no,1,left,left_up,no,recurrence-events
97,50-59,premeno,10-14,0-2,no,1,left,left_low,no,no-recurrence-events
98,60-69,ge40,30-34,0-2,no,3,right,left_up,yes,recurrence-events
99,40-49,premeno,35-39,0-2,no,1,right,left_up,no,recurrence-events
100,40-49,premeno,20-24,3-5,yes,2,left,left_low,yes,recurrence-events
101,50-59,premeno,15-19,0-2,no,2,left,left_low,no,recurrence-events
102,50-59,ge40,30-34,0-2,no,3,right,left_low,no,no-recurrence-events
103,60-69,ge40,20-24,0-2,no,2,left,left_up,no,no-recurrence-events
104,40-49,premeno,20-24,0-2,no,1,left,right_low,no,no-recurrence-events
105,60-69,ge40,30-34,3-5,yes,2,left,central,yes,recurrence-events
106,60-69,ge40,20-24,3-5,no,2,left,left_low,yes,recurrence-events
107,50-59,premeno,25-29,0-2,no,2,left,right_up,no,recurrence-events
108,50-59,ge40,30-34,0-2,no,1,right,right_up,no,no-recurrence-events
109,40-49,premeno,20-24,0-2,no,2,left,right_low,no,no-recurrence-events
110,60-69,ge40,15-19,0-2,no,1,right,left_up,no,no-recurrence-events
111,60-69,ge40,30-34,0-2,no,2,left,left_low,yes,no-recurrence-events
112,30-39,premeno,30-34,0-2,no,2,left,left_up,no,no-recurrence-events
113,30-39,premeno,40-44,3-5,no,3,right,right_up,yes,no-recurrence-events
114,60-69,ge40,5-9,0-2,no,1,left,central,no,no-recurrence-events
115,60-69,ge40,10-14,0-2,no,1,left,left_up,no,no-recurrence-events
116,40-49,premeno,30-34,6-8,yes,3,right,left_up,no,recurrence-events
117,60-69,ge40,10-14,0-2,no,1,left,left_up,no,no-recurrence-events
118,40-49,premeno,35-39,9-11,yes,2,right,left_up,yes,no-recurrence-events
119,40-49,premeno,20-24,0-2,no,1,right,left_low,no,no-recurrence-events
120,40-49,premeno,30-34,0-2,yes,3,right,right_up,no,recurrence-events
121,50-59,premeno,25-29,0-2,yes,2,left,left_up,no,no-recurrence-events
122,40-49,premeno,15-19,0-2,no,2,left,left_low,no,no-recurrence-events
123,30-39,premeno,35-39,9-11,yes,3,left,left_low,no,recurrence-events
124,30-39,premeno,10-14,0-2,no,2,left,right_low,no,no-recurrence-events
125,50-59,ge40,30-34,0-2,no,1,right,left_low,no,no-recurrence-events
126,60-69,ge40,30-34,0-2,no,2,left,left_up,no,no-recurrence-events
127,60-69,ge40,25-29,0-2,no,2,left,left_low,no,no-recurrence-events
128,40-49,premeno,15-19,0-2,no,2,left,left_up,no,recurrence-events
129,60-69,ge40,15-19,0-2,no,2,right,left_low,no,no-recurrence-events
130,40-49,premeno,30-34,0-2,no,2,left,right_low,no,no-recurrence-events
131,20-29,premeno,35-39,0-2,no,2,right,right_up,no,no-recurrence-events
132,40-49,premeno,30-34,0-2,no,3,right,right_up,no,recurrence-events
133,40-49,premeno,25-29,0-2,no,2,right,left_low,no,recurrence-events
134,30-39,premeno,30-34,0-2,no,3,left,left_low,no,no-recurrence-events
135,30-39,premeno,15-19,0-2,no,1,right,left_low,no,recurrence-events
136,50-59,ge40,0-4,0-2,no,1,right,central,no,no-recurrence-events
137,50-59,ge40,0-4,0-2,no,1,left,left_low,no,no-recurrence-events
138,60-69,ge40,50-54,0-2,no,3,right,left_up,no,recurrence-events
139,50-59,premeno,30-34,0-2,no,1,left,central,no,no-recurrence-events
140,60-69,ge40,20-24,24-26,yes,3,left,left_low,yes,recurrence-events
141,40-49,premeno,25-29,0-2,no,2,left,left_up,no,no-recurrence-events
142,40-49,premeno,30-34,3-5,no,2,right,left_up,no,recurrence-events
143,50-59,premeno,20-24,3-5,yes,2,left,left_low,no,no-recurrence-events
144,50-59,ge40,15-19,0-2,yes,2,left,central,yes,no-recurrence-events
145,50-59,premeno,10-14,0-2,no,3,left,left_low,no,no-recurrence-events
146,30-39,premeno,30-34,9-11,no,2,right,left_up,yes,recurrence-events
147,60-69,ge40,10-14,0-2,no,1,left,left_low,no,no-recurrence-events
148,40-49,premeno,40-44,0-2,no,2,right,left_low,no,no-recurrence-events
149,50-59,ge40,30-34,9-11,,3,left,left_up,yes,no-recurrence-events
150,40-49,premeno,50-54,0-2,no,2,right,left_low,yes,recurrence-events
151,50-59,ge40,15-19,0-2,no,2,right,right_up,no,no-recurrence-events
152,50-59,ge40,40-44,3-5,yes,2,left,left_low,no,no-recurrence-events
153,30-39,premeno,25-29,3-5,yes,3,left,left_low,yes,recurrence-events
154,60-69,ge40,10-14,0-2,no,2,left,left_low,no,no-recurrence-events
155,60-69,lt40,10-14,0-2,no,1,left,right_up,no,no-recurrence-events
156,30-39,premeno,30-34,0-2,no,2,left,left_up,no,recurrence-events
157,30-39,premeno,20-24,3-5,yes,2,left,left_low,no,recurrence-events
158,50-59,ge40,10-14,0-2,no,1,right,left_up,no,no-recurrence-events
159,60-69,ge40,25-29,0-2,no,3,right,left_up,no,no-recurrence-events
160,50-59,ge40,25-29,3-5,yes,3,right,left_up,no,no-recurrence-events
161,40-49,premeno,30-34,6-8,no,2,left,left_up,no,no-recurrence-events
162,60-69,ge40,50-54,0-2,no,2,left,left_low,no,no-recurrence-events
163,50-59,premeno,30-34,0-2,no,3,left,left_low,no,no-recurrence-events
164,40-49,ge40,20-24,3-5,no,3,right,left_low,yes,recurrence-events
165,50-59,ge40,30-34,6-8,yes,2,left,right_low,yes,recurrence-events
166,60-69,ge40,25-29,3-5,no,2,right,right_up,no,recurrence-events
167,40-49,premeno,20-24,0-2,no,2,left,central,no,no-recurrence-events
168,40-49,premeno,20-24,0-2,no,2,left,left_up,no,no-recurrence-events
169,40-49,premeno,50-54,0-2,no,2,left,left_low,no,no-recurrence-events
170,50-59,ge40,20-24,0-2,no,2,right,central,no,recurrence-events
171,50-59,ge40,30-34,3-5,no,3,right,left_up,no,recurrence-events
172,40-49,ge40,25-29,0-2,no,2,left,left_low,no,no-recurrence-events
173,50-59,premeno,25-29,0-2,no,1,right,left_up,no,recurrence-events
174,40-49,premeno,40-44,3-5,yes,3,right,left_up,yes,no-recurrence-events
175,40-49,premeno,20-24,0-2,no,2,right,left_up,no,no-recurrence-events
176,40-49,premeno,20-24,3-5,no,2,right,left_up,no,no-recurrence-events
177,40-49,premeno,25-29,9-11,yes,3,right,left_up,no,recurrence-events
178,40-49,premeno,25-29,0-2,no,2,right,left_low,no,recurrence-events
179,40-49,premeno,20-24,0-2,no,1,right,right_up,no,no-recurrence-events
180,30-39,premeno,40-44,0-2,no,2,right,right_up,no,no-recurrence-events
181,60-69,ge40,10-14,6-8,yes,3,left,left_up,yes,recurrence-events
182,40-49,premeno,35-39,0-2,no,1,left,left_low,no,no-recurrence-events
183,50-59,ge40,30-34,3-5,no,3,left,left_low,no,recurrence-events
184,40-49,premeno,5-9,0-2,no,1,left,left_low,yes,no-recurrence-events
185,60-69,ge40,15-19,0-2,no,1,left,right_low,no,no-recurrence-events
186,40-49,premeno,30-34,0-2,no,3,right,right_up,no,no-recurrence-events
187,40-49,premeno,25-29,0-2,no,3,left,left_up,no,recurrence-events
188,50-59,ge40,5-9,0-2,no,2,right,right_up,no,no-recurrence-events
189,50-59,premeno,25-29,0-2,no,2,right,right_low,no,no-recurrence-events
190,50-59,premeno,25-29,0-2,no,2,left,right_up,no,recurrence-events
191,40-49,premeno,10-14,0-2,no,2,left,left_low,yes,no-recurrence-events
192,60-69,ge40,35-39,6-8,yes,3,left,left_low,no,recurrence-events
193,60-69,ge40,50-54,0-2,no,2,right,left_up,yes,no-recurrence-events
194,40-49,premeno,25-29,0-2,no,2,right,left_up,no,no-recurrence-events
195,30-39,premeno,20-24,3-5,no,2,right,central,no,no-recurrence-events
196,30-39,premeno,30-34,0-2,no,1,right,left_up,no,recurrence-events
197,60-69,lt40,30-34,0-2,no,1,left,left_low,no,no-recurrence-events
198,40-49,premeno,15-19,12-14,no,3,right,right_low,yes,no-recurrence-events
199,60-69,ge40,20-24,0-2,no,3,right,left_low,no,recurrence-events
200,30-39,premeno,5-9,0-2,no,2,left,right_low,no,no-recurrence-events
201,40-49,premeno,30-34,0-2,no,3,left,left_up,no,no-recurrence-events
202,60-69,ge40,30-34,0-2,no,3,left,left_low,no,no-recurrence-events
203,40-49,premeno,25-29,0-2,no,1,right,right_low,no,no-recurrence-events
204,40-49,premeno,25-29,0-2,no,1,left,right_low,no,no-recurrence-events
205,60-69,ge40,40-44,3-5,yes,3,right,left_low,no,recurrence-events
206,50-59,ge40,25-29,0-2,no,2,left,left_low,no,no-recurrence-events
207,50-59,premeno,30-34,0-2,no,3,right,left_up,yes,recurrence-events
208,40-49,ge40,30-34,3-5,no,3,left,left_low,no,recurrence-events
209,40-49,premeno,25-29,0-2,no,1,right,left_low,yes,no-recurrence-events
210,40-49,ge40,25-29,12-14,yes,3,left,right_low,yes,recurrence-events
211,40-49,premeno,40-44,0-2,no,1,left,left_low,no,recurrence-events
212,40-49,premeno,20-24,0-2,no,2,left,left_low,no,no-recurrence-events
213,50-59,ge40,25-29,0-2,no,1,left,right_low,no,no-recurrence-events
214,40-49,premeno,20-24,0-2,no,2,right,left_up,no,no-recurrence-events
215,70-79,ge40,40-44,0-2,no,1,right,left_up,no,no-recurrence-events
216,60-69,ge40,25-29,0-2,no,3,left,left_up,no,recurrence-events
217,50-59,premeno,25-29,0-2,no,2,left,left_low,no,no-recurrence-events
218,60-69,ge40,45-49,0-2,no,1,right,right_up,yes,recurrence-events
219,50-59,ge40,20-24,0-2,yes,2,right,left_up,no,no-recurrence-events
220,50-59,ge40,25-29,0-2,no,1,left,left_low,no,no-recurrence-events
221,50-59,ge40,20-24,0-2,no,3,left,left_up,no,no-recurrence-events
222,40-49,premeno,20-24,3-5,no,2,right,left_low,no,no-recurrence-events
223,50-59,ge40,35-39,0-2,no,2,left,left_up,no,no-recurrence-events
224,30-39,premeno,20-24,0-2,no,3,left,left_up,yes,recurrence-events
225,60-69,ge40,30-34,0-2,no,1,right,left_up,no,no-recurrence-events
226,60-69,ge40,25-29,0-2,no,3,right,left_low,no,no-recurrence-events
227,40-49,ge40,30-34,0-2,no,2,left,left_up,yes,no-recurrence-events
228,30-39,premeno,25-29,0-2,no,2,left,left_low,no,no-recurrence-events
229,40-49,premeno,20-24,0-2,no,2,left,left_low,no,recurrence-events
230,30-39,premeno,20-24,0-2,no,2,left,right_low,no,no-recurrence-events
231,40-49,premeno,10-14,0-2,no,2,right,left_low,no,no-recurrence-events
232,50-59,premeno,15-19,0-2,no,2,right,right_low,no,no-recurrence-events
233,50-59,premeno,25-29,0-2,no,1,right,left_up,no,no-recurrence-events
234,60-69,ge40,20-24,0-2,no,2,right,left_up,no,no-recurrence-events
235,60-69,ge40,40-44,0-2,no,2,right,left_low,no,recurrence-events
236,30-39,lt40,15-19,0-2,no,3,right,left_up,no,no-recurrence-events
237,40-49,premeno,30-34,12-14,yes,3,left,left_up,yes,recurrence-events
238,60-69,ge40,30-34,0-2,yes,2,right,right_up,yes,recurrence-events
239,50-59,ge40,40-44,6-8,yes,3,left,left_low,yes,recurrence-events
240,50-59,ge40,30-34,0-2,no,3,left,,no,recurrence-events
241,70-79,ge40,10-14,0-2,no,2,left,central,no,no-recurrence-events
242,30-39,premeno,40-44,0-2,no,2,left,left_low,yes,no-recurrence-events
243,40-49,premeno,30-34,0-2,no,2,right,right_low,no,no-recurrence-events
244,40-49,premeno,30-34,0-2,no,1,left,left_low,no,no-recurrence-events
245,60-69,ge40,15-19,0-2,no,2,left,left_low,no,no-recurrence-events
246,40-49,premeno,10-14,0-2,no,2,left,left_low,no,no-recurrence-events
247,60-69,ge40,20-24,0-2,no,1,left,left_low,no,no-recurrence-events
248,50-59,ge40,10-14,0-2,no,1,left,left_up,no,no-recurrence-events
249,50-59,premeno,25-29,0-2,no,1,left,left_low,no,no-recurrence-events
250,50-59,ge40,30-34,9-11,yes,3,left,right_low,yes,recurrence-events
251,50-59,ge40,10-14,0-2,no,2,left,left_low,no,no-recurrence-events
252,40-49,premeno,30-34,0-2,no,1,left,right_up,no,no-recurrence-events
253,70-79,ge40,0-4,0-2,no,1,left,right_low,no,no-recurrence-events
254,40-49,premeno,25-29,0-2,no,3,right,left_up,yes,no-recurrence-events
255,50-59,premeno,25-29,0-2,no,3,right,left_low,yes,recurrence-events
256,50-59,ge40,40-44,0-2,no,2,left,left_low,no,no-recurrence-events
257,60-69,ge40,25-29,0-2,no,3,left,right_low,yes,recurrence-events
258,40-49,premeno,30-34,3-5,yes,2,right,left_low,no,no-recurrence-events
259,50-59,ge40,20-24,0-2,no,2,left,left_up,no,recurrence-events
260,70-79,ge40,20-24,0-2,no,3,left,left_up,no,no-recurrence-events
261,30-39,premeno,25-29,0-2,no,1,left,central,no,no-recurrence-events
262,60-69,ge40,30-34,0-2,no,2,left,left_low,no,no-recurrence-events
263,40-49,premeno,20-24,3-5,yes,2,right,right_up,yes,recurrence-events
264,50-59,ge40,30-34,9-11,,3,left,left_low,yes,no-recurrence-events
265,50-59,ge40,0-4,0-2,no,2,left,central,no,no-recurrence-events
266,40-49,premeno,20-24,0-2,no,3,right,left_low,yes,no-recurrence-events
267,30-39,premeno,35-39,0-2,no,3,left,left_low,no,recurrence-events
268,60-69,ge40,30-34,0-2,no,1,left,left_up,no,no-recurrence-events
269,60-69,ge40,20-24,0-2,no,1,left,left_low,no,no-recurrence-events
270,50-59,ge40,25-29,6-8,no,3,left,left_low,yes,recurrence-events
271,50-59,premeno,35-39,15-17,yes,3,right,right_up,no,recurrence-events
272,30-39,premeno,20-24,3-5,yes,2,right,left_up,yes,no-recurrence-events
273,40-49,premeno,20-24,6-8,no,2,right,left_low,yes,no-recurrence-events
274,50-59,ge40,35-39,0-2,no,3,left,left_low,no,no-recurrence-events
275,50-59,premeno,35-39,0-2,no,2,right,left_up,no,no-recurrence-events
276,40-49,premeno,25-29,0-2,no,2,left,left_up,yes,no-recurrence-events
277,40-49,premeno,35-39,0-2,no,2,right,right_up,no,no-recurrence-events
278,50-59,premeno,30-34,3-5,yes,2,left,left_low,yes,no-recurrence-events
279,40-49,premeno,20-24,0-2,no,2,right,right_up,no,no-recurrence-events
280,60-69,ge40,15-19,0-2,no,3,right,left_up,yes,no-recurrence-events
281,50-59,ge40,30-34,6-8,yes,2,left,left_low,no,no-recurrence-events
282,50-59,premeno,25-29,3-5,yes,2,left,left_low,yes,no-recurrence-events
283,30-39,premeno,30-34,6-8,yes,2,right,right_up,no,no-recurrence-events
284,50-59,premeno,15-19,0-2,no,2,right,left_low,no,no-recurrence-events
285,50-59,ge40,40-44,0-2,no,3,left,right_up,no,no-recurrence-events
